Date,MarketReturn,SMB,HML
Y2005M1,-2.76,-1.66,2.06
Y2005M2,1.89,-0.57,1.41
Y2005M3,-1.97,-1.41,2.07
Y2005M4,-2.61,-3.93,0.05
Y2005M5,3.65,2.86,-0.58
Y2005M6,0.57,2.56,2.8
Y2005M7,3.92,2.87,-0.78
Y2005M8,-1.22,-1.07,1.34
Y2005M9,0.49,-0.62,0.78
Y2005M10,-2.02,-1.3,0.43
Y2005M11,3.61,1.05,-1.19
Y2005M12,-0.25,-0.44,0.15
Y2006M1,3.04,5.46,0.99
Y2006M2,-0.3,-0.41,-0.31
Y2006M3,1.46,3.39,0.61
Y2006M4,0.73,-1.38,2.26
Y2006M5,-3.57,-3.01,2.38
Y2006M6,-0.35,-0.35,0.85
Y2006M7,-0.78,-3.95,2.62
Y2006M8,2.03,0.99,-1.95
Y2006M9,1.84,-1.3,0.06
Y2006M10,3.23,1.77,-0.33
Y2006M11,1.71,0.63,0.04
Y2006M12,0.87,-1.16,2.74
Y2007M1,1.4,0.09,-0.68
Y2007M2,-1.96,1.23,-0.08
Y2007M3,0.68,0.09,-0.88
Y2007M4,3.49,-2.21,-1.44
Y2007M5,3.24,0.16,-0.59
Y2007M6,-1.96,0.73,-1.05
Y2007M7,-3.73,-2.66,-3.68
Y2007M8,0.92,-0.11,-1.87
Y2007M9,3.22,-2.25,-2.17
Y2007M10,1.8,0.19,-2.87
Y2007M11,-4.83,-2.81,-1.09
Y2007M12,-0.87,0.11,-0.51
Y2008M1,-6.36,-1.02,4
Y2008M2,-3.09,-0.48,-0.72
Y2008M3,-0.93,0.71,0.31
Y2008M4,4.6,-1.69,-0.96
Y2008M5,1.86,2.97,-1.5
Y2008M6,-8.44,1.15,-2.51
Y2008M7,-0.77,2.6,5.2
Y2008M8,1.53,3.4,1.52
Y2008M9,-9.24,-1.07,5.66
Y2008M10,-17.23,-2.31,-1.89
Y2008M11,-7.86,-3.01,-6.21
Y2008M12,1.74,3.52,0.05
Y2009M1,-8.12,0.04,-11.02
Y2009M2,-10.1,0.14,-6.6
Y2009M3,8.95,-0.1,3.48
Y2009M4,10.18,5.4,5.38
Y2009M5,5.21,-2.41,0.41
Y2009M6,0.43,2.58,-2.76
Y2009M7,7.72,1.75,4.89
Y2009M8,3.33,-1.12,7.6
Y2009M9,4.08,2.43,1.15
Y2009M10,-2.59,-4.26,-4.17
Y2009M11,5.56,-2.5,-0.33
Y2009M12,2.75,6.01,-0.11
Y2010M1,-3.36,0.43,0.33
Y2010M2,3.4,1.18,3.18
Y2010M3,6.31,1.46,2.19
Y2010M4,2,4.84,2.96
Y2010M5,-7.89,0.13,-2.48
Y2010M6,-5.57,-1.79,-4.73
Y2010M7,6.93,0.22,-0.5
Y2010M8,-4.77,-3.01,-1.73
Y2010M9,9.54,3.82,-3.02
Y2010M10,3.88,1.08,-2.46
Y2010M11,0.6,3.67,-0.9
Y2010M12,6.82,0.72,3.56
Y2011M1,1.99,-2.29,0.61
Y2011M2,3.49,1.5,1.18
Y2011M3,0.46,2.49,-1.84
Y2011M4,2.9,-0.42,-2.44
Y2011M5,-1.27,-0.73,-1.85
Y2011M6,-1.75,-0.27,-0.2
Y2011M7,-2.35,-1.17,-0.91
Y2011M8,-5.99,-2.96,-2.43
Y2011M9,-7.59,-3.12,-1.53
Y2011M10,11.35,3.05,0.06
Y2011M11,-0.28,-0.18,-0.52
Y2011M12,0.74,-0.56,1.54
Y2012M1,5.05,2.01,-0.93
Y2012M2,4.42,-1.84,0.42
Y2012M3,3.11,-0.63,1.19
Y2012M4,-0.85,-0.37,-0.77
Y2012M5,-6.19,0.12,-0.95
Y2012M6,3.89,0.72,0.55
Y2012M7,0.79,-2.76,-0.06
Y2012M8,2.55,0.5,1.23
Y2012M9,2.73,0.45,1.62
Y2012M10,-1.76,-1.09,3.52
Y2012M11,0.78,0.6,-0.86
Y2012M12,1.18,1.5,3.48
Y2013M1,5.57,0.29,1.01
Y2013M2,1.29,-0.3,0.21
Y2013M3,4.03,0.83,-0.22
Y2013M4,1.55,-2.37,0.44
Y2013M5,2.8,1.7,2.67
Y2013M6,-1.2,1.31,-0.05
Y2013M7,5.65,1.81,0.58
Y2013M8,-2.71,0.32,-2.73
Y2013M9,3.77,2.89,-1.18
Y2013M10,4.18,-1.56,1.22
Y2013M11,3.13,1.31,0.19
Y2013M12,2.81,-0.44,0
Y2014M1,-3.32,0.93,-1.99
Y2014M2,4.65,0.36,-0.35
Y2014M3,0.43,-1.86,4.9
Y2014M4,-0.19,-4.18,1.22
Y2014M5,2.06,-1.85,-0.1
Y2014M6,2.61,3.05,-0.71
Y2014M7,-2.04,-4.18,-0.08
Y2014M8,4.24,0.41,-0.57
Y2014M9,-1.97,-3.59,-1.47
Y2014M10,2.52,4.05,-1.63
Y2014M11,2.55,-2.05,-3.13
Y2014M12,-0.06,2.53,2.12
Y2015M1,-3.11,-0.59,-3.45
Y2015M2,6.13,0.61,-1.79
Y2015M3,-1.12,3.05,-0.38
Y2015M4,0.59,-2.99,1.8
Y2015M5,1.36,0.95,-1.11
Y2015M6,-1.53,2.94,-0.82
Y2015M7,1.54,-4.17,-4.16
Y2015M8,-6.04,0.37,2.75
Y2015M9,-3.07,-2.63,0.55
Y2015M10,7.75,-1.9,-0.47
Y2015M11,0.56,3.58,-0.43
Y2015M12,-2.17,-2.8,-2.57
Y2016M1,-5.77,-3.4,2.08
Y2016M2,-0.07,0.73,-0.61
Y2016M3,6.96,0.75,1.22
Y2016M4,0.91,0.77,3.22
Y2016M5,1.78,-0.18,-1.62
Y2016M6,-0.05,0.6,-1.49
Y2016M7,3.95,2.45,-1.24
Y2016M8,0.49,1.17,3.17
Y2016M9,0.25,2.08,-1.19
Y2016M10,-2.02,-4.39,4.11
Y2016M11,4.86,5.6,8.29
Y2016M12,1.81,0.14,3.47
Y2017M1,1.94,-1.16,-2.76
Y2017M2,3.57,-2.15,-1.5
Y2017M3,0.17,1.13,-3.33
Y2017M4,1.09,0.66,-2.05
Y2017M5,1.06,-2.52,-3.82
Y2017M6,0.78,2.21,1.5
Y2017M7,1.87,-1.45,-0.23
Y2017M8,0.16,-1.67,-2.13
Y2017M9,2.51,4.45,3.15
Y2017M10,2.25,-1.93,0.13
Y2017M11,3.12,-0.6,-0.09
Y2017M12,1.06,-1.32,0.05
Y2018M1,5.57,-3.16,-1.32
Y2018M2,-3.65,0.27,-1.1
Y2018M3,-2.35,4.05,-0.21
Y2018M4,0.28,1.09,0.53
Y2018M5,2.65,5.24,-3.14
Y2018M6,0.48,1.11,-2.33
Y2018M7,3.19,-2.23,0.49
Y2018M8,3.44,1.14,-3.91
Y2018M9,0.06,-2.29,-1.62
Y2018M10,-7.68,-4.7,3.38
Y2018M11,1.69,-0.73,0.36
Y2018M12,-9.57,-2.31,-1.92
Y2019M1,8.4,2.76,-0.39
Y2019M2,3.4,2.05,-2.66
Y2019M3,1.1,-3.03,-4.14
Y2019M4,3.97,-1.74,2.13
Y2019M5,-6.94,-1.26,-2.45
Y2019M6,6.93,0.11,-0.64
Y2019M7,1.19,-1.96,0.5
Y2019M8,-2.58,-2.39,-4.77
Y2019M9,1.43,-0.97,6.76
Y2019M10,2.06,0.27,-1.92
Y2019M11,3.87,0.72,-2
Y2019M12,2.77,0.76,1.73
